{"cameraMode":{"drawMode":0,"name":"Shaded","section":"Shading Mode"},"sceneLighting":true,"audioPlay":false,"sceneViewState":{"showFog":true,"showMaterialUpdate":false,"showSkybox":true,"showFlares":true,"showImageEffects":true,"showParticleSystems":true},"in2DMode":false,"pivot":{"x":-1.4986789226531983,"y":-3.4957895278930666,"z":-0.37648487091064455},"rotation":{"x":-0.2261672466993332,"y":0.037099581211805347,"z":-0.008620533160865307,"w":-0.9733445048332214},"size":6.607396125793457,"orthographic":false}